Population Set 1: AFRICA (N=246),,,, EUROPE (N=380),, EAST ASIA (N=286),,, AMERICA (N=181);,,,,,,,,,,
SNP,chromosome,position,genes,reference,ancestral,var,population,N,freq_A,freq_C,freq_G,freq_T,MA,MAF,Hobs,Hexp,Fs,Fst,In
rs114754840,chr13,90445665,-,C,C,CT,Population Set 1,1093,0,0.99,0,0.01,T,0.01,0.019,0.019,-,0.029,0.011
rs114754840,chr13,90445665,-,C,C,CT,AFRICA,246,0,0.961,0,0.039,T,0.039,0.077,0.074,-,0.003,0.002
rs114754840,chr13,90445665,-,C,C,CT,EUROPE,380,0,1,0,0,T,0,0,0,-,0,0
rs114754840,chr13,90445665,-,C,C,CT,EAST ASIA,286,0,1,0,0,T,0,0,0,-,0,0
rs114754840,chr13,90445665,-,C,C,CT,AMERICA,181,0,0.994,0,0.006,T,0.006,0.011,0.011,-,0.013,0.007
rs115072532,chr13,110189397,-,G,G,GT,Population Set 1,1093,0,0,0.991,0.009,T,0.009,0.018,0.018,-,0.027,0.012
rs115072532,chr13,110189397,-,G,G,GT,AFRICA,246,0,0,0.961,0.039,T,0.039,0.077,0.074,-,0.015,0.008
rs115072532,chr13,110189397,-,G,G,GT,EUROPE,380,0,0,1,0,T,0,0,0,-,0,0
rs115072532,chr13,110189397,-,G,G,GT,EAST ASIA,286,0,0,1,0,T,0,0,0,-,0,0
rs115072532,chr13,110189397,-,G,G,GT,AMERICA,181,0,0,0.997,0.003,T,0.003,0.006,0.006,-,0.006,0.003
rs74038824,chr14,24249033,-,G,A,GA,Population Set 1,1093,0.062,0,0.938,0,A,0.062,0.099,0.117,-,0.2,0.087
rs74038824,chr14,24249033,-,G,A,GA,AFRICA,246,0.262,0,0.738,0,A,0.262,0.411,0.387,-,0.023,0.014
rs74038824,chr14,24249033,-,G,A,GA,EUROPE,380,0,0,1,0,A,0,0,0,-,0,0
rs74038824,chr14,24249033,-,G,A,GA,EAST ASIA,286,0,0,1,0,A,0,0,0,-,0,0
rs74038824,chr14,24249033,-,G,A,GA,AMERICA,181,0.019,0,0.981,0,A,0.019,0.039,0.038,-,0.006,0.003
rs116172276,chr14,24271466,-,T,T,TC,Population Set 1,1093,0,0.001,0,0.999,C,0.001,0.003,0.003,-,0.015,0.002
rs116172276,chr14,24271466,-,T,T,TC,AFRICA,246,0,0.006,0,0.994,C,0.006,0.012,0.012,-,0.003,0.003
rs116172276,chr14,24271466,-,T,T,TC,EUROPE,380,0,0,0,1,C,0,0,0,-,0,0
rs116172276,chr14,24271466,-,T,T,TC,EAST ASIA,286,0,0,0,1,C,0,0,0,-,0,0
rs116172276,chr14,24271466,-,T,T,TC,AMERICA,181,0,0,0,1,C,0,0,0,-,0,0
rs73281320,chr14,39324156,-,G,G,GA,Population Set 1,1093,0.045,0,0.955,0,A,0.045,0.073,0.086,-,0.154,0.067
rs73281320,chr14,39324156,-,G,G,GA,AFRICA,246,0.195,0,0.805,0,A,0.195,0.317,0.314,-,0.004,0.002
rs73281320,chr14,39324156,-,G,G,GA,EUROPE,380,0,0,1,0,A,0,0,0,-,0,0
rs73281320,chr14,39324156,-,G,G,GA,EAST ASIA,286,0,0,1,0,A,0,0,0,-,0,0
rs73281320,chr14,39324156,-,G,G,GA,AMERICA,181,0.006,0,0.994,0,A,0.006,0.011,0.011,-,0.003,0.002
rs56908455,chr15,32327305,CHRNA7,G,G,GA,Population Set 1,1093,0.003,0,0.997,0,A,0.003,0.005,0.005,-,0.013,0.004
rs56908455,chr15,32327305,CHRNA7,G,G,GA,AFRICA,246,0.012,0,0.988,0,A,0.012,0.024,0.024,-,0.001,0.001
rs56908455,chr15,32327305,CHRNA7,G,G,GA,EUROPE,380,0,0,1,0,A,0,0,0,-,0,0
rs56908455,chr15,32327305,CHRNA7,G,G,GA,EAST ASIA,286,0,0,1,0,A,0,0,0,-,0,0
rs56908455,chr15,32327305,CHRNA7,G,G,GA,AMERICA,181,0,0,1,0,A,0,0,0,-,0,0
rs75459850,chr15,43495167,EPB42,T,T,TA,Population Set 1,1093,0.01,0,0,0.99,A,0.01,0.019,0.019,-,0.025,0.013
rs75459850,chr15,43495167,EPB42,T,T,TA,AFRICA,246,0.041,0,0,0.959,A,0.041,0.081,0.078,-,0.005,0.004
rs75459850,chr15,43495167,EPB42,T,T,TA,EUROPE,380,0,0,0,1,A,0,0,0,-,0,0
rs75459850,chr15,43495167,EPB42,T,T,TA,EAST ASIA,286,0,0,0,1,A,0,0,0,-,0,0
rs75459850,chr15,43495167,EPB42,T,T,TA,AMERICA,181,0.003,0,0,0.997,A,0.003,0.006,0.006,-,0.006,0.003
rs76785018,chr15,48331322,-,A,A,AG,Population Set 1,1093,0.998,0,0.002,0,G,0.002,0.005,0.005,-,0.014,0.003
rs76785018,chr15,48331322,-,A,A,AG,AFRICA,246,0.99,0,0.01,0,G,0.01,0.02,0.02,-,0.018,0.01
rs76785018,chr15,48331322,-,A,A,AG,EUROPE,380,1,0,0,0,G,0,0,0,-,0,0
rs76785018,chr15,48331322,-,A,A,AG,EAST ASIA,286,1,0,0,0,G,0,0,0,-,0,0
rs76785018,chr15,48331322,-,A,A,AG,AMERICA,181,1,0,0,0,G,0,0,0,-,0,0
rs7174374,chr15,48990866,-,A,A,AG,Population Set 1,1093,0.311,0,0.689,0,A,0.311,0.413,0.428,-,0.02,0.008
rs7174374,chr15,48990866,-,A,A,AG,AFRICA,246,0.266,0,0.734,0,A,0.266,0.459,0.391,-,0.011,0.005
rs7174374,chr15,48990866,-,A,A,AG,EUROPE,380,0.387,0,0.613,0,A,0.387,0.468,0.474,-,0.004,0.002
rs7174374,chr15,48990866,-,A,A,AG,EAST ASIA,286,0.233,0,0.767,0,A,0.233,0.325,0.357,-,0.041,0.02
rs7174374,chr15,48990866,-,A,A,AG,AMERICA,181,0.334,0,0.666,0,A,0.334,0.37,0.445,-,0.03,0.015
rs118099467,chr15,92928396,-,T,T,TA,Population Set 1,1093,0.01,0,0,0.99,A,0.01,0.02,0.02,-,0.008,0.006
rs118099467,chr15,92928396,-,T,T,TA,AFRICA,246,0.002,0,0,0.998,A,0.002,0.004,0.004,-,0.006,0.003
rs118099467,chr15,92928396,-,T,T,TA,EUROPE,380,0.025,0,0,0.975,A,0.025,0.05,0.049,-,0.005,0.003
rs118099467,chr15,92928396,-,T,T,TA,EAST ASIA,286,0,0,0,1,A,0,0,0,-,0,0
rs118099467,chr15,92928396,-,T,T,TA,AMERICA,181,0.006,0,0,0.994,A,0.006,0.011,0.011,-,0.002,0.002
rs12592175,chr15,96730553,-,T,C,TC,Population Set 1,1093,0,0.319,0,0.681,C,0.319,0.422,0.434,-,0.019,0.008
rs12592175,chr15,96730553,-,T,C,TC,AFRICA,246,0,0.38,0,0.62,C,0.38,0.467,0.471,-,0.004,0.002
rs12592175,chr15,96730553,-,T,C,TC,EUROPE,380,0,0.232,0,0.768,C,0.232,0.342,0.356,-,0.021,0.017
rs12592175,chr15,96730553,-,T,C,TC,EAST ASIA,286,0,0.371,0,0.629,C,0.371,0.476,0.467,-,0.005,0.003
rs12592175,chr15,96730553,-,T,C,TC,AMERICA,181,0,0.337,0,0.663,C,0.337,0.442,0.447,-,0.017,0.008
rs77909733,chr16,35196550,-,G,-,GT,Population Set 1,1093,0,0,0.952,0.048,T,0.048,0.084,0.091,-,0.108,0.047
rs77909733,chr16,35196550,-,G,-,GT,AFRICA,246,0,0,0.823,0.177,T,0.177,0.313,0.291,-,0.008,0.005
rs77909733,chr16,35196550,-,G,-,GT,EUROPE,380,0,0,0.992,0.008,T,0.008,0.016,0.016,-,0.013,0.009
rs77909733,chr16,35196550,-,G,-,GT,EAST ASIA,286,0,0,1,0,T,0,0,0,-,0,0
rs77909733,chr16,35196550,-,G,-,GT,AMERICA,181,0,0,0.97,0.03,T,0.03,0.05,0.059,-,0.019,0.014
rs117855344,chr16,58103756,-,T,T,TC,Population Set 1,1093,0,0.01,0,0.99,C,0.01,0.02,0.02,-,0.028,0.013
rs117855344,chr16,58103756,-,T,T,TC,AFRICA,246,0,0,0,1,C,0,0,0,-,0,0
rs117855344,chr16,58103756,-,T,T,TC,EUROPE,380,0,0,0,1,C,0,0,0,-,0,0
rs117855344,chr16,58103756,-,T,T,TC,EAST ASIA,286,0,0.038,0,0.962,C,0.038,0.077,0.074,-,0.003,0.002
rs117855344,chr16,58103756,-,T,T,TC,AMERICA,181,0,0,0,1,C,0,0,0,-,0,0
rs112496370,chr16,65313359,-,C,C,CT,Population Set 1,1093,0,0.994,0,0.006,T,0.006,0.01,0.012,-,0.029,0.009
rs112496370,chr16,65313359,-,C,C,CT,AFRICA,246,0,0.974,0,0.026,T,0.026,0.045,0.051,-,0.007,0.004
rs112496370,chr16,65313359,-,C,C,CT,EUROPE,380,0,1,0,0,T,0,0,0,-,0,0
rs112496370,chr16,65313359,-,C,C,CT,EAST ASIA,286,0,1,0,0,T,0,0,0,-,0,0
rs112496370,chr16,65313359,-,C,C,CT,AMERICA,181,0,1,0,0,T,0,0,0,-,0,0
rs113436725,chr16,85800395,-,T,T,TC,Population Set 1,1093,0,0.016,0,0.984,C,0.016,0.031,0.031,-,0.044,0.02
rs113436725,chr16,85800395,-,T,T,TC,AFRICA,246,0,0.065,0,0.935,C,0.065,0.13,0.122,-,0.004,0.003
rs113436725,chr16,85800395,-,T,T,TC,EUROPE,380,0,0,0,1,C,0,0,0,-,0,0
rs113436725,chr16,85800395,-,T,T,TC,EAST ASIA,286,0,0,0,1,C,0,0,0,-,0,0
rs113436725,chr16,85800395,-,T,T,TC,AMERICA,181,0,0.006,0,0.994,C,0.006,0.011,0.011,-,0.003,0.002
rs73303840,chr17,17880073,LRRC48,C,C,CT,Population Set 1,1093,0,0.953,0,0.047,T,0.047,0.084,0.089,-,0.061,0.03
rs73303840,chr17,17880073,LRRC48,C,C,CT,AFRICA,246,0,0.864,0,0.136,T,0.136,0.232,0.235,-,0.017,0.007
rs73303840,chr17,17880073,LRRC48,C,C,CT,EUROPE,380,0,0.999,0,0.001,T,0.001,0.003,0.003,-,0.004,0.002
rs73303840,chr17,17880073,LRRC48,C,C,CT,EAST ASIA,286,0,0.949,0,0.051,T,0.051,0.101,0.096,-,0.001,0
rs73303840,chr17,17880073,LRRC48,C,C,CT,AMERICA,181,0,0.986,0,0.014,T,0.014,0.028,0.027,-,0.009,0.006
rs78978579,chr17,52136486,-,T,T,TC,Population Set 1,1093,0,0.018,0,0.982,C,0.018,0.036,0.035,-,0.032,0.016
rs78978579,chr17,52136486,-,T,T,TC,AFRICA,246,0,0,0,1,C,0,0,0,-,0,0
rs78978579,chr17,52136486,-,T,T,TC,EUROPE,380,0,0,0,1,C,0,0,0,-,0,0
rs78978579,chr17,52136486,-,T,T,TC,EAST ASIA,286,0,0.035,0,0.965,C,0.035,0.07,0.067,-,0,0
rs78978579,chr17,52136486,-,T,T,TC,AMERICA,181,0,0.052,0,0.948,C,0.052,0.105,0.099,-,0.024,0.011
rs9913671,chr17,52172283,-,A,A,AG,Population Set 1,1093,0.966,0,0.034,0,G,0.034,0.057,0.065,-,0.106,0.044
rs9913671,chr17,52172283,-,A,A,AG,AFRICA,246,0.858,0,0.142,0,G,0.142,0.236,0.244,-,0.001,0.001
rs9913671,chr17,52172283,-,A,A,AG,EUROPE,380,0.997,0,0.003,0,G,0.003,0.005,0.005,-,0.003,0.002
rs9913671,chr17,52172283,-,A,A,AG,EAST ASIA,286,1,0,0,0,G,0,0,0,-,0,0
rs9913671,chr17,52172283,-,A,A,AG,AMERICA,181,0.994,0,0.006,0,G,0.006,0.011,0.011,-,0.011,0.006
rs116744392,chr17,52172501,-,A,A,AG,Population Set 1,1093,0.995,0,0.005,0,G,0.005,0.009,0.009,-,0.011,0.007
rs116744392,chr17,52172501,-,A,A,AG,AFRICA,246,0.98,0,0.02,0,G,0.02,0.041,0.04,-,0.012,0.005
rs116744392,chr17,52172501,-,A,A,AG,EUROPE,380,1,0,0,0,G,0,0,0,-,0,0
rs116744392,chr17,52172501,-,A,A,AG,EAST ASIA,286,1,0,0,0,G,0,0,0,-,0,0
rs116744392,chr17,52172501,-,A,A,AG,AMERICA,181,1,0,0,0,G,0,0,0,-,0,0
rs73990930,chr17,58717365,PPM1D,G,G,GT,Population Set 1,1093,0,0,0.999,0.001,T,0.001,0.003,0.003,-,0.015,0.002
rs73990930,chr17,58717365,PPM1D,G,G,GT,AFRICA,246,0,0,0.994,0.006,T,0.006,0.012,0.012,-,0,0
rs73990930,chr17,58717365,PPM1D,G,G,GT,EUROPE,380,0,0,1,0,T,0,0,0,-,0,0
rs73990930,chr17,58717365,PPM1D,G,G,GT,EAST ASIA,286,0,0,1,0,T,0,0,0,-,0,0
rs73990930,chr17,58717365,PPM1D,G,G,GT,AMERICA,181,0,0,1,0,T,0,0,0,-,0,0
rs7239278,chr18,1464162,-,G,A,GA,Population Set 1,1093,0.32,0,0.68,0,A,0.32,0.411,0.435,-,0.076,0.038
rs7239278,chr18,1464162,-,G,A,GA,AFRICA,246,0.461,0,0.539,0,A,0.461,0.476,0.497,-,0.008,0.005
rs7239278,chr18,1464162,-,G,A,GA,EUROPE,380,0.189,0,0.811,0,A,0.189,0.326,0.307,-,0.004,0.005
rs7239278,chr18,1464162,-,G,A,GA,EAST ASIA,286,0.442,0,0.558,0,A,0.442,0.5,0.493,-,0.013,0.007
rs7239278,chr18,1464162,-,G,A,GA,AMERICA,181,0.207,0,0.793,0,A,0.207,0.359,0.329,-,0.011,0.006
rs77966889,chr18,3800748,DLGAP1,T,T,TA,Population Set 1,1093,0.012,0,0,0.988,A,0.012,0.021,0.024,-,0.025,0.011
rs77966889,chr18,3800748,DLGAP1,T,T,TA,AFRICA,246,0,0,0,1,A,0,0,0,-,0,0
rs77966889,chr18,3800748,DLGAP1,T,T,TA,EUROPE,380,0,0,0,1,A,0,0,0,-,0,0
rs77966889,chr18,3800748,DLGAP1,T,T,TA,EAST ASIA,286,0.04,0,0,0.96,A,0.04,0.066,0.077,-,0.003,0.001
rs77966889,chr18,3800748,DLGAP1,T,T,TA,AMERICA,181,0.011,0,0,0.989,A,0.011,0.022,0.022,-,0.001,0.001
rs111251577,chr18,4048391,-,T,T,TC,Population Set 1,1093,0,0.008,0,0.992,C,0.008,0.016,0.015,-,0.008,0.002
rs111251577,chr18,4048391,-,T,T,TC,AFRICA,246,0,0,0,1,C,0,0,0,-,0,0
rs111251577,chr18,4048391,-,T,T,TC,EUROPE,380,0,0.012,0,0.988,C,0.012,0.024,0.023,-,0.006,0.005
rs111251577,chr18,4048391,-,T,T,TC,EAST ASIA,286,0,0.01,0,0.99,C,0.01,0.021,0.021,-,0.002,0.001
rs111251577,chr18,4048391,-,T,T,TC,AMERICA,181,0,0.006,0,0.994,C,0.006,0.011,0.011,-,0.013,0.007
rs73383989,chr18,6204569,-,A,A,AG,Population Set 1,1093,0.998,0,0.002,0,G,0.002,0.005,0.005,-,0.014,0.003
rs73383989,chr18,6204569,-,A,A,AG,AFRICA,246,0.99,0,0.01,0,G,0.01,0.02,0.02,-,0.004,0.004
rs73383989,chr18,6204569,-,A,A,AG,EUROPE,380,1,0,0,0,G,0,0,0,-,0,0
rs73383989,chr18,6204569,-,A,A,AG,EAST ASIA,286,1,0,0,0,G,0,0,0,-,0,0
rs73383989,chr18,6204569,-,A,A,AG,AMERICA,181,1,0,0,0,G,0,0,0,-,0,0
rs112835469,chr18,6205177,-,A,A,AG,Population Set 1,1093,1,0,0,0,G,0,0.001,0.001,-,0.016,0.001
rs112835469,chr18,6205177,-,A,A,AG,AFRICA,246,0.998,0,0.002,0,G,0.002,0.004,0.004,-,0.006,0.003
rs112835469,chr18,6205177,-,A,A,AG,EUROPE,380,1,0,0,0,G,0,0,0,-,0,0
rs112835469,chr18,6205177,-,A,A,AG,EAST ASIA,286,1,0,0,0,G,0,0,0,-,0,0
rs112835469,chr18,6205177,-,A,A,AG,AMERICA,181,1,0,0,0,G,0,0,0,-,0,0
rs2089300,chr18,62403730,-,A,A,AC,Population Set 1,1093,0.645,0.355,0,0,C,0.355,0.414,0.458,-,0.012,0.006
rs2089300,chr18,62403730,-,A,A,AC,AFRICA,246,0.722,0.278,0,0,C,0.278,0.362,0.402,-,0.022,0.01
rs2089300,chr18,62403730,-,A,A,AC,EUROPE,380,0.589,0.411,0,0,C,0.411,0.458,0.484,-,0.021,0.012
rs2089300,chr18,62403730,-,A,A,AC,EAST ASIA,286,0.675,0.325,0,0,C,0.325,0.392,0.439,-,0.006,0.003
rs2089300,chr18,62403730,-,A,A,AC,AMERICA,181,0.608,0.392,0,0,C,0.392,0.431,0.477,-,0.021,0.01
rs997408,chr18,69707551,-,T,T,AG,Population Set 1,1093,0.805,0,0.195,0,G,0.195,0.273,0.314,-,0.099,0.061
rs997408,chr18,69707551,-,T,T,AG,AFRICA,246,0.829,0,0.171,0,G,0.171,0.285,0.283,-,0.02,0.009
rs997408,chr18,69707551,-,T,T,AG,EUROPE,380,0.68,0,0.32,0,G,0.32,0.413,0.435,-,0.004,0.009
rs997408,chr18,69707551,-,T,T,AG,EAST ASIA,286,0.993,0,0.007,0,G,0.007,0.014,0.014,-,0.007,0.004
rs997408,chr18,69707551,-,T,T,AG,AMERICA,181,0.738,0,0.262,0,G,0.262,0.37,0.387,-,0,0
rs77976642,chr18,71192409,-,C,C,CT,Population Set 1,1093,0,0.989,0,0.011,T,0.011,0.021,0.021,-,0.026,0.013
rs77976642,chr18,71192409,-,C,C,CT,AFRICA,246,0,0.957,0,0.043,T,0.043,0.085,0.082,-,0.023,0.014
rs77976642,chr18,71192409,-,C,C,CT,EUROPE,380,0,1,0,0,T,0,0,0,-,0,0
rs77976642,chr18,71192409,-,C,C,CT,EAST ASIA,286,0,1,0,0,T,0,0,0,-,0,0
rs77976642,chr18,71192409,-,C,C,CT,AMERICA,181,0,0.994,0,0.006,T,0.006,0.011,0.011,-,0.003,0.002
rs115659775,chr19,48473288,BSPH1,G,-,GC,Population Set 1,1093,0,0.004,0.996,0,C,0.004,0.007,0.007,-,0.01,0.003
rs115659775,chr19,48473288,BSPH1,G,-,GC,AFRICA,246,0,0.012,0.988,0,C,0.012,0.024,0.024,-,0.005,0.002
rs115659775,chr19,48473288,BSPH1,G,-,GC,EUROPE,380,0,0,1,0,C,0,0,0,-,0,0
rs115659775,chr19,48473288,BSPH1,G,-,GC,EAST ASIA,286,0,0,1,0,C,0,0,0,-,0,0
rs115659775,chr19,48473288,BSPH1,G,-,GC,AMERICA,181,0,0.006,0.994,0,C,0.006,0.011,0.011,-,0.01,0.006
rs80086025,chr20,22538466,-,A,A,AT,Population Set 1,1093,0.989,0,0,0.011,T,0.011,0.02,0.022,-,0.018,0.012
rs80086025,chr20,22538466,-,A,A,AT,AFRICA,246,0.957,0,0,0.043,T,0.043,0.077,0.082,-,0.008,0.005
rs80086025,chr20,22538466,-,A,A,AT,EUROPE,380,0.999,0,0,0.001,T,0.001,0.003,0.003,-,0.034,0.012
rs80086025,chr20,22538466,-,A,A,AT,EAST ASIA,286,1,0,0,0,T,0,0,0,-,0,0
rs80086025,chr20,22538466,-,A,A,AT,AMERICA,181,0.994,0,0,0.006,T,0.006,0.011,0.011,-,0.003,0.002
rs75977030,chr20,59439743,-,C,C,CA,Population Set 1,1093,0.001,0.999,0,0,A,0.001,0.003,0.003,-,0.015,0.002
rs75977030,chr20,59439743,-,C,C,CA,AFRICA,246,0.006,0.994,0,0,A,0.006,0.012,0.012,-,0.003,0.003
rs75977030,chr20,59439743,-,C,C,CA,EUROPE,380,0,1,0,0,A,0,0,0,-,0,0
rs75977030,chr20,59439743,-,C,C,CA,EAST ASIA,286,0,1,0,0,A,0,0,0,-,0,0
rs75977030,chr20,59439743,-,C,C,CA,AMERICA,181,0,1,0,0,A,0,0,0,-,0,0
rs6582744,chr21,10919565,TPTE,T,-,TA,Population Set 1,1093,0.122,0,0,0.878,A,0.122,0.244,0.214,-,0.093,0.041
rs6582744,chr21,10919565,TPTE,T,-,TA,AFRICA,246,0.305,0,0,0.695,A,0.305,0.61,0.424,-,0,0
rs6582744,chr21,10919565,TPTE,T,-,TA,EUROPE,380,0.049,0,0,0.951,A,0.049,0.097,0.093,-,0.029,0.012
rs6582744,chr21,10919565,TPTE,T,-,TA,EAST ASIA,286,0.094,0,0,0.906,A,0.094,0.189,0.171,-,0.004,0.002
rs6582744,chr21,10919565,TPTE,T,-,TA,AMERICA,181,0.072,0,0,0.928,A,0.072,0.144,0.133,-,0.003,0.001
rs77564988,chr21,23925140,-,G,G,GT,Population Set 1,1093,0,0,0.998,0.002,T,0.002,0.004,0.004,-,0.014,0.003
rs77564988,chr21,23925140,-,G,G,GT,AFRICA,246,0,0,0.992,0.008,T,0.008,0.016,0.016,-,0.006,0.004
rs77564988,chr21,23925140,-,G,G,GT,EUROPE,380,0,0,1,0,T,0,0,0,-,0,0
rs77564988,chr21,23925140,-,G,G,GT,EAST ASIA,286,0,0,1,0,T,0,0,0,-,0,0
rs77564988,chr21,23925140,-,G,G,GT,AMERICA,181,0,0,1,0,T,0,0,0,-,0,0
rs9984659,chr21,28581878,-,T,T,TC,Population Set 1,1093,0,0.087,0,0.913,C,0.087,0.138,0.159,-,0.036,0.016
rs9984659,chr21,28581878,-,T,T,TC,AFRICA,246,0,0.045,0,0.955,C,0.045,0.089,0.085,-,0.004,0.002
rs9984659,chr21,28581878,-,T,T,TC,EUROPE,380,0,0.147,0,0.853,C,0.147,0.221,0.251,-,0.014,0.006
rs9984659,chr21,28581878,-,T,T,TC,EAST ASIA,286,0,0.028,0,0.972,C,0.028,0.056,0.054,-,0.002,0.001
rs9984659,chr21,28581878,-,T,T,TC,AMERICA,181,0,0.113,0,0.887,C,0.113,0.16,0.201,-,0.002,0.001
rs2832381,chr21,30881184,-,G,A,GA,Population Set 1,1093,0.775,0,0.225,0,G,0.225,0.319,0.348,-,0.108,0.05
rs2832381,chr21,30881184,-,G,A,GA,AFRICA,246,0.561,0,0.439,0,G,0.439,0.528,0.493,-,0.009,0.005
rs2832381,chr21,30881184,-,G,A,GA,EUROPE,380,0.93,0,0.07,0,G,0.07,0.118,0.13,-,0.008,0.005
rs2832381,chr21,30881184,-,G,A,GA,EAST ASIA,286,0.745,0,0.255,0,G,0.255,0.399,0.38,-,0.001,0
rs2832381,chr21,30881184,-,G,A,GA,AMERICA,181,0.79,0,0.21,0,G,0.21,0.331,0.332,-,0,0
rs60570795,chr21,30883015,-,T,T,TG,Population Set 1,1093,0,0,0.01,0.99,G,0.01,0.017,0.019,-,0.029,0.011
rs60570795,chr21,30883015,-,T,T,TG,AFRICA,246,0,0,0.039,0.961,G,0.039,0.069,0.074,-,0.007,0.004
rs60570795,chr21,30883015,-,T,T,TG,EUROPE,380,0,0,0,1,G,0,0,0,-,0,0
rs60570795,chr21,30883015,-,T,T,TG,EAST ASIA,286,0,0,0,1,G,0,0,0,-,0,0
rs60570795,chr21,30883015,-,T,T,TG,AMERICA,181,0,0,0.006,0.994,G,0.006,0.011,0.011,-,0.013,0.007
rs73897619,chr21,30886202,-,G,G,GA,Population Set 1,1093,0.005,0,0.995,0,A,0.005,0.01,0.01,-,0.011,0.008
rs73897619,chr21,30886202,-,G,G,GA,AFRICA,246,0.022,0,0.978,0,A,0.022,0.045,0.044,-,0.008,0.004
rs73897619,chr21,30886202,-,G,G,GA,EUROPE,380,0,0,1,0,A,0,0,0,-,0,0
rs73897619,chr21,30886202,-,G,G,GA,EAST ASIA,286,0,0,1,0,A,0,0,0,-,0,0
rs73897619,chr21,30886202,-,G,G,GA,AMERICA,181,0,0,1,0,A,0,0,0,-,0,0
rs73155240,chr22,18553403,-,A,A,AG,Population Set 1,1093,0.993,0,0.007,0,G,0.007,0.015,0.015,-,0.014,0.003
rs73155240,chr22,18553403,-,A,A,AG,AFRICA,246,0.998,0,0.002,0,G,0.002,0.004,0.004,-,0.003,0.002
rs73155240,chr22,18553403,-,A,A,AG,EUROPE,380,0.984,0,0.016,0,G,0.016,0.032,0.031,-,0.006,0.005
rs73155240,chr22,18553403,-,A,A,AG,EAST ASIA,286,1,0,0,0,G,0,0,0,-,0,0
rs73155240,chr22,18553403,-,A,A,AG,AMERICA,181,0.992,0,0.008,0,G,0.008,0.017,0.016,-,0.019,0.01
rs117371019,chr22,27097825,-,C,C,CT,Population Set 1,1093,0,0.985,0,0.015,T,0.015,0.03,0.03,-,0.019,0.011
rs117371019,chr22,27097825,-,C,C,CT,AFRICA,246,0,1,0,0,T,0,0,0,-,0,0
rs117371019,chr22,27097825,-,C,C,CT,EUROPE,380,0,0.974,0,0.026,T,0.026,0.053,0.051,-,0.002,0.001
rs117371019,chr22,27097825,-,C,C,CT,EAST ASIA,286,0,1,0,0,T,0,0,0,-,0,0
rs117371019,chr22,27097825,-,C,C,CT,AMERICA,181,0,0.964,0,0.036,T,0.036,0.072,0.069,-,0.041,0.023
